25,3,6,1
17,5,8,2
10,5,8,2
12,5,8,1
1,5,8,2
13,5,8,2
20,5,8,2
9,5,8,1
9,5,8,2
18,5,8,2
7,5,8,2
7,5,8,2
13,5,8,2
6,5,8,2
12,5,8,2
12,5,8,2
20,5,8,1
12,5,8,2
7,5,8,2
7,5,8,2
8,5,8,2
2,5,8,2
20,5,8,2
9,5,8,2
18,5,8,1
14,5,8,2
2,5,8,2
16,5,8,2
4,5,8,1
15,5,8,2
18,5,8,2
20,5,8,1
7,5,8,2
9,5,8,2
8,5,8,2
14,5,8,2
17,5,8,2
4,5,8,2
19,5,8,2
19,5,8,2
17,5,8,2
10,5,8,1
1,5,8,2
16,5,8,2
8,6,10,1
6,6,10,1
18,6,10,2
6,6,10,1
17,6,10,1
2,6,10,1
10,6,10,2
6,6,10,1
11,6,10,1
19,6,10,2
2,6,10,1
16,6,10,1
5,6,10,2
17,6,10,2
4,6,10,1
18,6,10,1
12,6,10,1
4,6,10,2
15,6,10,1
20,6,10,2
2,6,10,2
12,6,10,1
5,6,10,1
15,6,10,2
19,6,10,1
16,6,10,1
8,6,10,1
15,6,10,2
2,6,10,2
17,6,10,1
20,6,10,2
8,6,10,1
18,6,10,2
14,6,10,1
11,6,10,1
5,6,10,1
11,6,10,1
13,6,10,1
14,6,10,1
5,6,10,1
1,6,10,2
14,6,10,2
11,6,10,1
16,4,5,1
4,4,5,1
16,4,5,1
2,4,5,2
10,4,5,1
10,4,5,1
14,4,5,1
4,4,5,1
20,4,5,1
8,4,5,2
5,4,5,1
4,4,5,1
14,4,5,1
3,4,5,1
8,4,5,2
18,4,5,2
7,4,5,2
14,4,5,1
12,4,5,1
15,4,5,2
19,4,5,2
20,4,5,1
12,4,5,1
11,4,5,1
14,4,5,1
14,4,5,1
5,4,5,1
15,4,5,1
11,4,5,1
10,4,5,1
8,4,5,2
17,4,5,1
10,4,5,1
5,4,5,1
19,4,5,1
15,4,5,1
3,4,5,1
6,4,5,1
17,4,5,2
15,4,5,1
2,4,5,2
8,4,5,2
11,4,5,1
9,2,14,2
20,2,14,2
14,2,14,2
15,2,14,2
19,2,14,2
20,2,14,2
3,2,14,2
12,2,14,1
3,2,14,2
17,2,14,2
2,2,14,2
20,2,14,2
3,2,14,2
12,2,14,2
6,2,14,2
13,2,14,2
17,2,14,2
13,2,14,2
17,2,14,2
20,2,14,2
12,2,14,2
20,2,14,2
12,2,14,2
7,2,14,2
8,2,14,1
7,2,14,2
7,2,14,2
18,2,14,2
1,2,14,2
13,2,14,2
9,2,14,2
2,2,14,2
12,2,14,2
7,2,14,2
13,2,14,2
18,2,14,2
11,2,14,2
9,2,14,1
19,2,14,2
1,2,14,2
5,2,14,1
14,2,14,2
13,2,14,2
7,2,8,2
13,2,8,1
19,2,8,2
17,2,8,2
8,2,8,2
6,2,8,2
15,2,8,2
1,2,8,2
18,2,8,2
2,2,8,2
12,2,8,2
16,2,8,2
7,2,8,2
13,2,8,2
5,2,8,2
6,2,8,2
14,2,8,2
1,2,8,2
13,2,8,2
2,2,8,2
1,2,8,2
6,2,8,2
11,2,8,1
19,2,8,2
5,2,8,2
17,2,8,2
11,2,8,2
4,2,8,2
10,2,8,2
8,2,8,2
1,2,8,2
6,2,8,2
2,2,8,2
20,2,8,2
20,2,8,2
13,2,8,2
5,2,8,2
20,2,8,2
3,2,8,2
2,2,8,2
7,2,8,2
5,2,8,2
5,2,8,2
11,5,12,2
20,5,12,2
17,5,12,2
13,5,12,1
6,5,12,2
17,5,12,2
14,5,12,1
3,5,12,1
8,5,12,2
17,5,12,1
20,5,12,2
14,5,12,1
3,5,12,1
6,5,12,1
18,5,12,2
17,5,12,2
6,5,12,1
17,5,12,2
13,5,12,2
2,5,12,1
7,5,12,1
7,5,12,1
2,5,12,1
16,5,12,2
3,5,12,1
19,5,12,1
11,5,12,2
12,5,12,2
6,5,12,1
17,5,12,2
9,5,12,2
17,5,12,2
10,5,12,2
7,5,12,2
1,5,12,2
11,5,12,2
3,5,12,1
7,5,12,1
7,5,12,1
1,5,12,2
19,5,12,1
11,5,12,2
19,5,12,1
11,4,13,1
19,4,13,2
18,4,13,1
5,4,13,1
17,4,13,1
4,4,13,1
12,4,13,1
1,4,13,1
5,4,13,1
17,4,13,2
5,4,13,2
18,4,13,1
15,4,13,1
6,4,13,1
20,4,13,1
12,4,13,2
16,4,13,1
18,4,13,2
4,4,13,1
8,4,13,2
3,4,13,2
13,4,13,1
6,4,13,1
3,4,13,2
10,4,13,2
19,4,13,1
2,4,13,2
20,4,13,1
17,4,13,2
1,4,13,1
19,4,13,1
18,4,13,2
8,4,13,2
20,4,13,1
16,4,13,1
5,4,13,1
3,4,13,1
15,4,13,1
1,4,13,1
2,4,13,2
17,4,13,2
8,4,13,2
16,4,13,1
3,2,11,2
4,2,11,1
12,2,11,2
19,2,11,2
12,2,11,2
20,2,11,2
7,2,11,2
9,2,11,2
1,2,11,2
3,2,11,1
15,2,11,2
2,2,11,2
9,2,11,2
3,2,11,2
9,2,11,1
19,2,11,2
9,2,11,2
9,2,11,2
5,2,11,2
9,2,11,2
12,2,11,2
14,2,11,2
19,2,11,2
16,2,11,1
14,2,11,2
14,2,11,2
14,2,11,2
18,2,11,2
8,2,11,1
19,2,11,2
10,2,11,2
20,2,11,1
10,2,11,2
13,2,11,2
15,2,11,2
8,2,11,1
12,2,11,2
19,2,11,2
15,2,11,2
4,2,11,1
5,2,11,2
6,2,11,2
16,2,11,2
12,1,9,2
20,1,9,1
14,1,9,2
12,1,9,2
5,1,9,2
17,1,9,2
19,1,9,2
10,1,9,2
5,1,9,2
2,1,9,2
10,1,9,2
12,1,9,2
11,1,9,2
2,1,9,2
14,1,9,2
10,1,9,2
17,1,9,2
11,1,9,2
9,1,9,2
19,1,9,2
4,1,9,2
20,1,9,2
5,1,9,2
12,1,9,2
15,1,9,2
6,1,9,2
11,1,9,2
9,1,9,1
11,1,9,2
19,1,9,2
9,1,9,2
11,1,9,2
3,1,9,2
13,1,9,2
12,1,9,2
2,1,9,2
7,1,9,1
12,1,9,1
9,1,9,2
19,1,9,2
20,1,9,1
9,1,9,2
20,1,9,1
16,1,14,2
1,1,14,2
17,1,14,2
3,1,14,2
16,1,14,2
2,1,14,2
14,1,14,2
8,1,14,2
1,1,14,2
20,1,14,2
10,1,14,1
2,1,14,1
18,1,14,2
5,1,14,2
4,1,14,2
4,1,14,2
1,1,14,2
4,1,14,2
13,1,14,2
3,1,14,2
14,1,14,2
5,1,14,2
2,1,14,2
12,1,14,2
10,1,14,1
19,1,14,2
20,1,14,2
16,1,14,2
6,1,14,2
1,1,14,2
15,1,14,2
10,1,14,1
1,1,14,2
16,1,14,2
6,1,14,2
16,1,14,2
7,1,14,2
1,1,14,2
13,1,14,2
1,1,14,2
13,1,14,2
7,1,14,2
13,1,14,2
9,5,11,2
6,5,11,1
13,5,11,1
15,5,11,2
7,5,11,2
5,5,11,2
15,5,11,2
10,5,11,1
5,5,11,2
14,5,11,2
19,5,11,2
4,5,11,1
3,5,11,2
14,5,11,2
14,5,11,1
9,5,11,2
3,5,11,2
13,5,11,2
11,5,11,2
5,5,11,2
9,5,11,2
1,5,11,1
15,5,11,2
13,5,11,2
17,5,11,2
6,5,11,1
18,5,11,2
4,5,11,1
20,5,11,2
1,5,11,2
1,5,11,2
12,5,11,2
2,5,11,2
17,5,11,2
2,5,11,2
20,5,11,2
12,5,11,1
14,5,11,2
16,5,11,2
16,5,11,2
4,5,11,1
7,5,11,1
12,5,11,2
1,9,12,1
18,9,12,1
12,9,12,1
7,9,12,1
20,9,12,2
4,9,12,1
19,9,12,1
12,9,12,1
4,9,12,1
13,9,12,2
6,9,12,2
17,9,12,1
5,9,12,1
18,9,12,1
18,9,12,1
3,9,12,1
11,9,12,1
15,9,12,1
7,9,12,1
6,9,12,2
13,9,12,1
17,9,12,2
17,9,12,2
12,9,12,1
5,9,12,1
8,9,12,2
10,9,12,2
8,9,12,1
17,9,12,1
20,9,12,2
20,9,12,2
12,9,12,1
4,9,12,1
14,9,12,1
7,9,12,2
12,9,12,1
11,9,12,2
18,9,12,1
20,9,12,1
6,9,12,1
14,9,12,1
7,9,12,1
18,9,12,1
1,4,14,1
1,4,14,1
18,4,14,2
11,4,14,1
17,4,14,1
20,4,14,1
4,4,14,1
11,4,14,1
14,4,14,2
1,4,14,1
11,4,14,1
1,4,14,1
5,4,14,1
5,4,14,2
6,4,14,1
18,4,14,1
7,4,14,2
12,4,14,1
17,4,14,1
2,4,14,2
16,4,14,2
13,4,14,1
12,4,14,1
12,4,14,1
2,4,14,1
12,4,14,1
19,4,14,1
1,4,14,1
15,4,14,1
12,4,14,1
12,4,14,1
3,4,14,1
10,4,14,1
5,4,14,1
10,4,14,1
12,4,14,2
10,4,14,1
4,4,14,1
20,4,14,2
16,4,14,2
13,4,14,2
2,4,14,1
15,4,14,1
12,8,13,1
14,8,13,1
3,8,13,2
6,8,13,1
14,8,13,1
20,8,13,2
19,8,13,1
15,8,13,1
16,8,13,1
16,8,13,1
6,8,13,1
2,8,13,2
8,8,13,1
3,8,13,2
18,8,13,1
9,8,13,1
16,8,13,1
15,8,13,1
3,8,13,2
6,8,13,1
17,8,13,2
4,8,13,2
12,8,13,2
15,8,13,2
17,8,13,2
4,8,13,1
11,8,13,1
14,8,13,2
6,8,13,1
2,8,13,2
19,8,13,1
11,8,13,1
19,8,13,1
19,8,13,1
1,8,13,2
6,8,13,1
20,8,13,1
7,8,13,1
3,8,13,2
1,8,13,2
11,8,13,1
13,8,13,1
15,8,13,1
16,3,11,1
17,3,11,1
8,3,11,1
1,3,11,2
11,3,11,2
15,3,11,2
12,3,11,2
1,3,11,2
10,3,11,1
15,3,11,2
9,3,11,2
11,3,11,2
3,3,11,2
11,3,11,2
17,3,11,2
6,3,11,1
9,3,11,2
12,3,11,2
15,3,11,2
6,3,11,1
3,3,11,2
4,3,11,1
10,3,11,2
10,3,11,2
2,3,11,2
4,3,11,1
13,3,11,1
7,3,11,2
7,3,11,2
4,3,11,1
17,3,11,2
4,3,11,2
20,3,11,2
16,3,11,2
8,3,11,1
2,3,11,2
4,3,11,2
12,3,11,1
10,3,11,1
16,3,11,1
14,3,11,1
10,3,11,1
1,3,11,2
7,12,13,1
18,12,13,2
9,12,13,2
6,12,13,1
12,12,13,2
8,12,13,2
19,12,13,2
12,12,13,1
11,12,13,1
3,12,13,1
19,12,13,2
16,12,13,2
7,12,13,1
9,12,13,1
18,12,13,2
10,12,13,2
11,12,13,1
16,12,13,1
17,12,13,2
18,12,13,2
5,12,13,2
3,12,13,2
4,12,13,2
19,12,13,2
13,12,13,1
18,12,13,2
16,12,13,2
17,12,13,2
7,12,13,1
17,12,13,1
17,12,13,2
11,12,13,1
9,12,13,1
17,12,13,2
12,12,13,2
19,12,13,2
7,12,13,1
17,12,13,1
16,12,13,2
7,12,13,1
15,12,13,1
3,12,13,2
3,12,13,2
8,3,9,1
1,3,9,2
4,3,9,2
16,3,9,2
11,3,9,2
4,3,9,2
13,3,9,1
18,3,9,2
19,3,9,2
15,3,9,1
19,3,9,1
7,3,9,1
1,3,9,2
10,3,9,2
20,3,9,1
7,3,9,1
9,3,9,2
12,3,9,2
8,3,9,2
17,3,9,2
6,3,9,2
14,3,9,1
7,3,9,1
18,3,9,2
10,3,9,1
4,3,9,2
18,3,9,1
13,3,9,1
9,3,9,1
16,3,9,2
7,3,9,2
5,3,9,2
19,3,9,2
20,3,9,1
9,3,9,2
18,3,9,2
18,3,9,2
6,3,9,2
14,3,9,2
9,3,9,2
3,3,9,2
1,3,9,2
19,3,9,1
15,6,7,1
3,6,7,1
4,6,7,1
9,6,7,2
1,6,7,2
16,6,7,1
19,6,7,1
2,6,7,2
4,6,7,2
13,6,7,2
6,6,7,2
19,6,7,2
4,6,7,2
1,6,7,2
4,6,7,2
14,6,7,2
14,6,7,2
15,6,7,2
17,6,7,2
4,6,7,2
20,6,7,2
6,6,7,1
1,6,7,1
7,6,7,1
10,6,7,2
18,6,7,2
16,6,7,1
6,6,7,2
8,6,7,1
19,6,7,2
3,6,7,1
9,6,7,2
12,6,7,2
13,6,7,1
12,6,7,1
15,6,7,2
16,6,7,1
12,6,7,1
10,6,7,2
11,6,7,2
15,6,7,2
6,6,7,1
2,6,7,1
6,1,13,1
6,1,13,1
18,1,13,2
10,1,13,2
13,1,13,1
4,1,13,2
1,1,13,2
19,1,13,2
6,1,13,2
4,1,13,2
8,1,13,2
9,1,13,1
8,1,13,1
20,1,13,1
13,1,13,2
13,1,13,1
15,1,13,1
20,1,13,2
16,1,13,2
19,1,13,2
1,1,13,2
19,1,13,2
18,1,13,2
4,1,13,2
17,1,13,2
15,1,13,2
13,1,13,2
18,1,13,2
5,1,13,2
6,1,13,1
17,1,13,2
12,1,13,2
19,1,13,2
12,1,13,2
12,1,13,2
15,1,13,2
20,1,13,2
12,1,13,2
11,1,13,1
8,1,13,2
5,1,13,2
13,1,13,2
18,1,13,2
15,11,14,1
13,11,14,2
19,11,14,1
5,11,14,1
3,11,14,1
6,11,14,2
19,11,14,1
12,11,14,2
7,11,14,2
1,11,14,1
14,11,14,2
18,11,14,1
15,11,14,1
7,11,14,2
13,11,14,1
4,11,14,2
11,11,14,1
17,11,14,1
19,11,14,1
14,11,14,2
18,11,14,2
12,11,14,1
6,11,14,2
15,11,14,1
2,11,14,1
8,11,14,2
2,11,14,1
5,11,14,2
8,11,14,2
12,11,14,2
15,11,14,2
13,11,14,2
11,11,14,2
2,11,14,1
13,11,14,2
4,11,14,2
11,11,14,2
5,11,14,1
6,11,14,2
12,11,14,1
4,11,14,2
12,11,14,1
8,11,14,1
19,5,14,2
7,5,14,2
11,5,14,1
14,5,14,2
2,5,14,1
6,5,14,1
7,5,14,1
17,5,14,2
6,5,14,1
2,5,14,1
3,5,14,2
12,5,14,2
20,5,14,2
20,5,14,2
4,5,14,2
19,5,14,2
2,5,14,1
16,5,14,2
2,5,14,1
15,5,14,2
16,5,14,2
11,5,14,1
7,5,14,2
16,5,14,2
13,5,14,2
9,5,14,2
19,5,14,2
6,5,14,1
4,5,14,2
3,5,14,2
1,5,14,2
9,5,14,2
18,5,14,2
14,5,14,2
20,5,14,2
12,5,14,2
18,5,14,2
13,5,14,2
5,5,14,2
19,5,14,1
5,5,14,2
15,5,14,2
12,5,14,1
1,1,2,2
10,1,2,1
6,1,2,1
2,1,2,2
6,1,2,1
1,1,2,2
18,1,2,1
4,1,2,2
20,1,2,2
8,1,2,2
18,1,2,1
13,1,2,1
13,1,2,1
12,1,2,1
4,1,2,1
8,1,2,2
6,1,2,1
9,1,2,2
10,1,2,1
2,1,2,2
7,1,2,1
11,1,2,1
13,1,2,1
6,1,2,1
20,1,2,1
19,1,2,1
16,1,2,1
13,1,2,1
9,1,2,2
8,1,2,2
15,1,2,2
16,1,2,1
7,1,2,1
6,1,2,1
2,1,2,2
17,1,2,2
15,1,2,1
2,1,2,2
12,1,2,1
13,1,2,1
8,1,2,2
1,1,2,2
20,1,2,1
11,9,11,1
8,9,11,1
13,9,11,2
20,9,11,2
8,9,11,1
20,9,11,2
14,9,11,1
4,9,11,1
20,9,11,2
10,9,11,1
13,9,11,1
9,9,11,1
11,9,11,1
18,9,11,1
15,9,11,1
15,9,11,1
17,9,11,2
5,9,11,2
13,9,11,1
1,9,11,2
9,9,11,2
5,9,11,2
15,9,11,1
16,9,11,1
19,9,11,2
7,9,11,2
7,9,11,1
18,9,11,1
1,9,11,1
13,9,11,2
1,9,11,1
18,9,11,1
19,9,11,2
4,9,11,1
1,9,11,1
9,9,11,2
18,9,11,1
5,9,11,2
11,9,11,1
10,9,11,1
10,9,11,1
15,9,11,1
12,9,11,1
7,10,11,2
15,10,11,2
9,10,11,2
5,10,11,2
3,10,11,2
20,10,11,2
20,10,11,2
19,10,11,1
3,10,11,2
10,10,11,2
2,10,11,2
13,10,11,2
16,10,11,1
2,10,11,2
4,10,11,2
14,10,11,2
18,10,11,1
3,10,11,2
1,10,11,2
13,10,11,2
8,10,11,1
8,10,11,2
17,10,11,2
3,10,11,2
3,10,11,2
5,10,11,2
10,10,11,2
18,10,11,1
14,10,11,2
1,10,11,2
11,10,11,2
11,10,11,2
20,10,11,2
2,10,11,2
7,10,11,2
9,10,11,2
7,10,11,2
16,10,11,2
9,10,11,2
15,10,11,2
13,10,11,2
6,10,11,1
7,10,11,2
14,2,3,2
5,2,3,2
7,2,3,2
2,2,3,2
10,2,3,2
18,2,3,2
6,2,3,2
1,2,3,2
3,2,3,2
1,2,3,2
17,2,3,1
2,2,3,2
7,2,3,2
7,2,3,2
13,2,3,2
8,2,3,2
3,2,3,2
16,2,3,1
10,2,3,2
9,2,3,2
8,2,3,2
4,2,3,1
8,2,3,2
14,2,3,2
16,2,3,2
13,2,3,2
2,2,3,1
8,2,3,2
7,2,3,2
1,2,3,2
16,2,3,2
10,2,3,2
18,2,3,2
6,2,3,2
20,2,3,1
1,2,3,2
1,2,3,2
2,2,3,2
5,2,3,2
11,2,3,1
16,2,3,2
11,2,3,1
20,2,3,1
1,3,8,2
2,3,8,2
8,3,8,2
13,3,8,1
11,3,8,2
9,3,8,2
15,3,8,2
8,3,8,2
4,3,8,2
6,3,8,2
17,3,8,1
7,3,8,2
19,3,8,2
12,3,8,2
16,3,8,2
5,3,8,2
10,3,8,2
10,3,8,2
15,3,8,2
3,3,8,2
13,3,8,2
14,3,8,2
14,3,8,2
11,3,8,2
14,3,8,2
2,3,8,2
16,3,8,2
4,3,8,1
1,3,8,2
12,3,8,2
17,3,8,2
19,3,8,2
3,3,8,2
4,3,8,1
17,3,8,2
6,3,8,2
4,3,8,2
18,3,8,2
7,3,8,2
3,3,8,2
3,3,8,2
10,3,8,2
1,3,8,2
13,3,14,2
1,3,14,1
7,3,14,1
20,3,14,2
16,3,14,2
13,3,14,1
5,3,14,1
19,3,14,1
15,3,14,1
5,3,14,2
4,3,14,2
12,3,14,1
13,3,14,1
18,3,14,2
10,3,14,1
20,3,14,2
4,3,14,2
5,3,14,2
13,3,14,1
16,3,14,2
18,3,14,2
5,3,14,2
19,3,14,1
8,3,14,1
10,3,14,1
6,3,14,1
18,3,14,2
6,3,14,1
5,3,14,2
20,3,14,2
8,3,14,1
8,3,14,1
1,3,14,2
15,3,14,2
13,3,14,2
6,3,14,1
14,3,14,2
13,3,14,2
14,3,14,2
16,3,14,2
19,3,14,1
14,3,14,2
9,3,14,1
13,6,11,2
6,6,11,1
8,6,11,1
17,6,11,2
6,6,11,2
17,6,11,2
2,6,11,2
16,6,11,2
3,6,11,2
16,6,11,1
6,6,11,1
7,6,11,1
14,6,11,2
4,6,11,2
12,6,11,1
17,6,11,2
6,6,11,1
17,6,11,1
4,6,11,2
10,6,11,2
3,6,11,2
1,6,11,2
11,6,11,2
19,6,11,2
19,6,11,2
17,6,11,2
1,6,11,2
19,6,11,2
2,6,11,2
19,6,11,2
16,6,11,2
12,6,11,2
20,6,11,1
10,6,11,2
9,6,11,2
16,6,11,2
19,6,11,2
12,6,11,1
11,6,11,1
12,6,11,2
1,6,11,2
16,6,11,1
3,6,11,2
11,11,13,1
5,11,13,2
2,11,13,2
18,11,13,2
3,11,13,2
4,11,13,2
8,11,13,2
15,11,13,1
2,11,13,2
11,11,13,2
10,11,13,2
3,11,13,2
8,11,13,2
16,11,13,2
9,11,13,1
10,11,13,2
8,11,13,2
8,11,13,2
19,11,13,1
1,11,13,1
5,11,13,2
10,11,13,2
17,11,13,2
19,11,13,1
5,11,13,1
8,11,13,2
6,11,13,2
13,11,13,1
5,11,13,2
15,11,13,2
15,11,13,2
2,11,13,1
19,11,13,1
12,11,13,2
3,11,13,2
10,11,13,2
16,11,13,2
8,11,13,2
8,11,13,1
3,11,13,2
15,11,13,2
8,11,13,2
2,11,13,2
15,6,8,2
10,6,8,1
15,6,8,2
19,6,8,1
14,6,8,2
13,6,8,2
12,6,8,1
4,6,8,2
5,6,8,2
12,6,8,1
13,6,8,2
5,6,8,2
6,6,8,2
18,6,8,2
16,6,8,2
6,6,8,1
5,6,8,2
16,6,8,2
15,6,8,2
16,6,8,2
4,6,8,2
3,6,8,2
4,6,8,2
2,6,8,2
20,6,8,2
20,6,8,2
20,6,8,2
3,6,8,2
15,6,8,2
7,6,8,2
18,6,8,2
9,6,8,2
19,6,8,2
20,6,8,2
10,6,8,2
4,6,8,2
14,6,8,2
2,6,8,2
6,6,8,2
16,6,8,2
16,6,8,2
20,6,8,2
15,6,8,2
5,3,7,2
1,3,7,1
14,3,7,1
4,3,7,1
7,3,7,1
20,3,7,2
11,3,7,1
4,3,7,1
4,3,7,1
20,3,7,1
16,3,7,1
10,3,7,1
20,3,7,2
1,3,7,1
15,3,7,1
20,3,7,1
8,3,7,1
9,3,7,1
9,3,7,1
3,3,7,1
15,3,7,1
19,3,7,1
15,3,7,1
6,3,7,1
18,3,7,1
10,3,7,1
1,3,7,1
20,3,7,1
16,3,7,2
11,3,7,2
2,3,7,1
8,3,7,1
17,3,7,2
10,3,7,1
16,3,7,1
20,3,7,2
4,3,7,1
2,3,7,1
15,3,7,1
17,3,7,1
20,3,7,1
2,3,7,1
15,3,7,1
14,1,4,2
15,1,4,2
2,1,4,2
7,1,4,2
3,1,4,2
4,1,4,2
2,1,4,1
6,1,4,2
4,1,4,2
12,1,4,1
11,1,4,2
3,1,4,2
1,1,4,2
20,1,4,2
8,1,4,1
14,1,4,2
10,1,4,2
18,1,4,2
7,1,4,2
6,1,4,2
2,1,4,2
2,1,4,2
6,1,4,2
13,1,4,2
6,1,4,2
10,1,4,2
12,1,4,2
1,1,4,2
8,1,4,1
1,1,4,2
15,1,4,2
4,1,4,2
19,1,4,2
13,1,4,2
4,1,4,2
1,1,4,2
15,1,4,2
13,1,4,2
3,1,4,2
12,1,4,1
20,1,4,2
9,1,4,2
1,1,4,2
20,9,7,1
16,9,7,1
16,9,7,2
14,9,7,1
6,9,7,1
13,9,7,1
6,9,7,1
7,9,7,1
17,9,7,2
9,9,7,1
12,9,7,1
17,9,7,1
20,9,7,2
15,9,7,1
10,9,7,1
19,9,7,1
8,9,7,1
15,9,7,1
16,9,7,1
6,9,7,1
18,9,7,1
17,9,7,1
15,9,7,1
2,9,7,1
20,9,7,1
2,9,7,1
12,9,7,1
19,9,7,1
11,9,7,1
2,9,7,1
3,9,7,2
14,9,7,1
12,9,7,1
8,9,7,2
17,9,7,1
8,9,7,1
11,9,7,1
7,9,7,1
12,9,7,1
1,9,7,1
15,9,7,1
5,9,7,1
16,9,7,1
19,2,5,2
10,2,5,2
5,2,5,2
3,2,5,2
8,2,5,2
2,2,5,2
15,2,5,2
14,2,5,2
12,2,5,2
12,2,5,2
19,2,5,2
18,2,5,1
10,2,5,2
14,2,5,2
7,2,5,2
17,2,5,2
18,2,5,2
20,2,5,1
14,2,5,2
16,2,5,2
3,2,5,2
12,2,5,2
2,2,5,2
3,2,5,2
2,2,5,2
17,2,5,2
2,2,5,2
7,2,5,2
10,2,5,2
9,2,5,2
14,2,5,2
1,2,5,2
4,2,5,2
4,2,5,1
9,2,5,2
7,2,5,2
12,2,5,1
9,2,5,2
1,2,5,2
6,2,5,2
7,2,5,2
12,2,5,2
11,2,5,2
9,3,6,1
5,3,6,1
18,3,6,1
3,3,6,1
5,3,6,1
20,3,6,1
8,3,6,2
16,3,6,1
17,3,6,2
12,3,6,1
8,3,6,2
18,3,6,2
15,3,6,1
1,3,6,1
11,3,6,2
20,3,6,2
18,3,6,2
18,3,6,1
4,3,6,1
15,3,6,1
8,3,6,2
17,3,6,1
15,3,6,1
5,3,6,1
18,3,6,1
7,3,6,1
2,3,6,2
18,3,6,2
13,3,6,1
11,3,6,2
4,3,6,1
1,3,6,1
10,3,6,1
13,3,6,1
15,3,6,1
1,3,6,2
1,3,6,1
12,3,6,2
18,3,6,1
18,3,6,1
9,3,6,1
19,3,6,1
8,3,6,2
8,5,6,2
1,5,6,1
19,5,6,1
20,5,6,1
13,5,6,1
11,5,6,2
13,5,6,1
12,5,6,2
16,5,6,2
4,5,6,2
10,5,6,1
1,5,6,1
4,5,6,1
6,5,6,1
13,5,6,1
3,5,6,1
3,5,6,1
11,5,6,1
11,5,6,1
4,5,6,1
13,5,6,1
17,5,6,1
11,5,6,1
10,5,6,2
9,5,6,1
14,5,6,1
16,5,6,2
8,5,6,2
20,5,6,2
19,5,6,1
8,5,6,2
9,5,6,1
17,5,6,1
10,5,6,1
6,5,6,1
18,5,6,1
16,5,6,2
15,5,6,1
20,5,6,1
20,5,6,1
3,5,6,1
1,5,6,1
1,5,6,1
17,5,9,1
20,5,9,2
8,5,9,1
18,5,9,2
15,5,9,2
13,5,9,2
10,5,9,2
19,5,9,1
1,5,9,2
8,5,9,1
14,5,9,1
1,5,9,2
20,5,9,1
6,5,9,1
9,5,9,2
12,5,9,2
4,5,9,2
15,5,9,2
20,5,9,2
16,5,9,2
16,5,9,2
3,5,9,2
18,5,9,1
4,5,9,2
1,5,9,2
16,5,9,2
2,5,9,2
13,5,9,2
20,5,9,2
10,5,9,1
9,5,9,2
1,5,9,2
6,5,9,1
18,5,9,2
15,5,9,2
8,5,9,1
13,5,9,1
17,5,9,2
12,5,9,2
4,5,9,2
15,5,9,2
2,5,9,2
19,5,9,1
17,4,10,1
18,4,10,1
12,4,10,1
7,4,10,2
15,4,10,1
11,4,10,1
6,4,10,1
4,4,10,1
6,4,10,1
12,4,10,1
11,4,10,1
19,4,10,1
18,4,10,2
18,4,10,1
18,4,10,1
2,4,10,1
10,4,10,1
19,4,10,1
11,4,10,1
12,4,10,1
10,4,10,1
6,4,10,1
6,4,10,1
11,4,10,1
6,4,10,1
2,4,10,1
4,4,10,1
12,4,10,1
3,4,10,1
12,4,10,1
17,4,10,1
17,4,10,1
6,4,10,1
3,4,10,1
14,4,10,1
11,4,10,1
16,4,10,1
12,4,10,1
14,4,10,1
7,4,10,2
12,4,10,1
3,4,10,1
6,4,10,1
7,10,14,2
8,10,14,2
20,10,14,2
19,10,14,1
16,10,14,2
9,10,14,1
8,10,14,1
11,10,14,2
2,10,14,2
9,10,14,1
10,10,14,2
10,10,14,2
16,10,14,2
4,10,14,2
6,10,14,1
12,10,14,1
14,10,14,2
13,10,14,2
6,10,14,2
5,10,14,2
4,10,14,2
14,10,14,2
12,10,14,1
13,10,14,2
9,10,14,2
3,10,14,2
4,10,14,2
3,10,14,2
1,10,14,1
4,10,14,2
18,10,14,2
6,10,14,1
2,10,14,2
16,10,14,2
16,10,14,2
6,10,14,2
17,10,14,2
8,10,14,2
8,10,14,1
20,10,14,2
13,10,14,2
10,10,14,2
17,10,14,2
6,2,12,2
16,2,12,2
5,2,12,2
14,2,12,1
10,2,12,2
8,2,12,1
12,2,12,2
19,2,12,2
20,2,12,1
7,2,12,1
3,2,12,2
14,2,12,2
10,2,12,2
12,2,12,2
2,2,12,1
18,2,12,2
18,2,12,2
9,2,12,2
10,2,12,2
3,2,12,2
15,2,12,2
11,2,12,2
1,2,12,2
3,2,12,2
10,2,12,2
2,2,12,2
16,2,12,2
6,2,12,2
19,2,12,2
1,2,12,2
12,2,12,2
1,2,12,2
10,2,12,2
19,2,12,2
9,2,12,1
20,2,12,2
5,2,12,2
9,2,12,2
15,2,12,2
17,2,12,2
16,2,12,1
18,2,12,2
3,2,12,2
2,8,7,1
14,8,7,1
8,8,7,1
14,8,7,1
4,8,7,2
7,8,7,1
13,8,7,1
1,8,7,1
14,8,7,1
13,8,7,1
1,8,7,1
14,8,7,1
6,8,7,1
10,8,7,1
20,8,7,1
16,8,7,1
16,8,7,1
2,8,7,1
12,8,7,1
15,8,7,1
14,8,7,1
9,8,7,2
15,8,7,1
7,8,7,1
20,8,7,1
4,8,7,1
7,8,7,1
17,8,7,1
13,8,7,1
7,8,7,1
18,8,7,1
20,8,7,1
16,8,7,1
16,8,7,1
7,8,7,1
17,8,7,1
6,8,7,1
16,8,7,1
9,8,7,1
14,8,7,1
4,8,7,1
6,8,7,1
7,8,7,1
13,3,5,1
9,3,5,2
14,3,5,1
16,3,5,1
18,3,5,1
2,3,5,2
18,3,5,2
17,3,5,2
1,3,5,2
9,3,5,1
17,3,5,1
10,3,5,1
9,3,5,2
6,3,5,1
20,3,5,2
5,3,5,2
16,3,5,1
11,3,5,2
11,3,5,2
15,3,5,2
7,3,5,1
7,3,5,2
17,3,5,1
1,3,5,2
7,3,5,1
14,3,5,1
2,3,5,2
17,3,5,1
1,3,5,2
9,3,5,1
7,3,5,2
5,3,5,2
3,3,5,2
6,3,5,2
6,3,5,2
6,3,5,2
5,3,5,2
14,3,5,1
11,3,5,2
3,3,5,2
19,3,5,1
1,3,5,2
14,3,5,1
2,5,10,1
18,5,10,1
11,5,10,1
3,5,10,1
3,5,10,1
4,5,10,2
6,5,10,1
5,5,10,1
5,5,10,1
13,5,10,1
14,5,10,1
17,5,10,1
16,5,10,2
12,5,10,2
18,5,10,1
1,5,10,1
15,5,10,1
11,5,10,1
10,5,10,2
15,5,10,1
4,5,10,2
7,5,10,1
11,5,10,1
20,5,10,2
12,5,10,2
13,5,10,1
18,5,10,2
13,5,10,1
19,5,10,1
12,5,10,2
4,5,10,1
1,5,10,1
6,5,10,2
19,5,10,1
8,5,10,1
19,5,10,1
2,5,10,1
13,5,10,1
4,5,10,1
6,5,10,1
5,5,10,1
2,5,10,1
3,5,10,1
19,1,6,2
16,1,6,2
3,1,6,2
1,1,6,1
6,1,6,1
6,1,6,1
11,1,6,1
14,1,6,1
9,1,6,2
10,1,6,1
13,1,6,1
5,1,6,2
10,1,6,1
12,1,6,1
11,1,6,1
12,1,6,1
3,1,6,2
6,1,6,2
14,1,6,2
14,1,6,2
10,1,6,1
1,1,6,1
11,1,6,1
11,1,6,2
7,1,6,2
17,1,6,1
16,1,6,2
15,1,6,2
15,1,6,1
20,1,6,2
13,1,6,1
7,1,6,2
11,1,6,1
6,1,6,2
17,1,6,1
1,1,6,2
3,1,6,2
6,1,6,2
9,1,6,2
19,1,6,2
10,1,6,1
17,1,6,2
5,1,6,2
3,8,10,1
5,8,10,1
5,8,10,1
1,8,10,1
14,8,10,1
2,8,10,1
18,8,10,1
5,8,10,1
5,8,10,1
19,8,10,1
8,8,10,1
3,8,10,1
20,8,10,2
4,8,10,1
6,8,10,1
11,8,10,1
4,8,10,1
5,8,10,1
13,8,10,1
9,8,10,1
10,8,10,1
6,8,10,1
19,8,10,1
12,8,10,1
7,8,10,1
13,8,10,1
16,8,10,1
12,8,10,1
19,8,10,1
10,8,10,1
1,8,10,1
10,8,10,1
5,8,10,1
9,8,10,2
10,8,10,1
7,8,10,1
7,8,10,1
14,8,10,1
6,8,10,1
18,8,10,1
11,8,10,1
13,8,10,1
13,8,10,1
4,2,7,1
5,2,7,2
9,2,7,1
8,2,7,1
18,2,7,2
18,2,7,2
7,2,7,2
13,2,7,2
6,2,7,1
4,2,7,1
15,2,7,2
17,2,7,1
9,2,7,2
5,2,7,2
17,2,7,2
6,2,7,2
1,2,7,1
3,2,7,2
3,2,7,2
10,2,7,2
12,2,7,2
11,2,7,2
7,2,7,2
19,2,7,2
9,2,7,2
19,2,7,2
19,2,7,2
8,2,7,1
13,2,7,1
3,2,7,1
20,2,7,2
5,2,7,2
6,2,7,2
2,2,7,2
15,2,7,2
9,2,7,2
2,2,7,1
7,2,7,2
10,2,7,2
14,2,7,2
8,2,7,2
12,2,7,2
12,2,7,2
15,3,4,2
3,3,4,2
4,3,4,2
3,3,4,2
9,3,4,2
6,3,4,2
2,3,4,1
3,3,4,2
7,3,4,2
19,3,4,2
14,3,4,1
6,3,4,1
4,3,4,2
20,3,4,2
1,3,4,2
20,3,4,2
11,3,4,2
8,3,4,2
15,3,4,2
1,3,4,2
7,3,4,2
9,3,4,2
1,3,4,2
3,3,4,2
11,3,4,2
2,3,4,2
7,3,4,1
4,3,4,2
12,3,4,2
16,3,4,2
20,3,4,2
20,3,4,2
18,3,4,2
19,3,4,2
3,3,4,2
19,3,4,2
19,3,4,2
10,3,4,2
14,3,4,1
6,3,4,2
16,3,4,2
19,3,4,2
16,3,4,2
14,3,10,1
17,3,10,1
15,3,10,1
18,3,10,1
11,3,10,1
16,3,10,2
13,3,10,1
3,3,10,1
11,3,10,2
6,3,10,1
20,3,10,1
4,3,10,1
1,3,10,1
10,3,10,1
13,3,10,1
12,3,10,1
7,3,10,1
18,3,10,2
3,3,10,1
6,3,10,2
16,3,10,1
15,3,10,1
15,3,10,1
5,3,10,1
10,3,10,1
17,3,10,2
18,3,10,2
15,3,10,1
13,3,10,1
10,3,10,1
13,3,10,1
10,3,10,1
6,3,10,1
1,3,10,2
12,3,10,2
3,3,10,1
1,3,10,1
14,3,10,1
17,3,10,1
18,3,10,2
9,3,10,2
2,3,10,1
1,3,10,1
5,12,14,2
16,12,14,2
13,12,14,1
15,12,14,1
13,12,14,1
20,12,14,2
11,12,14,1
20,12,14,2
17,12,14,2
8,12,14,1
17,12,14,1
19,12,14,2
2,12,14,1
2,12,14,1
4,12,14,2
15,12,14,1
11,12,14,1
20,12,14,2
15,12,14,1
3,12,14,2
8,12,14,1
17,12,14,1
3,12,14,2
20,12,14,2
15,12,14,1
4,12,14,2
11,12,14,1
1,12,14,1
4,12,14,2
10,12,14,1
18,12,14,2
18,12,14,2
16,12,14,2
15,12,14,2
15,12,14,1
5,12,14,2
14,12,14,2
3,12,14,2
8,12,14,1
16,12,14,2
3,12,14,2
1,12,14,1
11,12,14,1
15,1,12,2
12,1,12,2
17,1,12,2
17,1,12,2
2,1,12,1
4,1,12,2
12,1,12,2
20,1,12,2
4,1,12,2
3,1,12,2
15,1,12,2
6,1,12,2
13,1,12,2
10,1,12,2
14,1,12,2
12,1,12,1
1,1,12,2
12,1,12,2
6,1,12,2
6,1,12,2
9,1,12,2
2,1,12,2
20,1,12,2
6,1,12,2
1,1,12,2
4,1,12,1
19,1,12,2
5,1,12,2
18,1,12,1
11,1,12,2
16,1,12,2
17,1,12,2
11,1,12,2
15,1,12,2
17,1,12,2
17,1,12,2
1,1,12,2
3,1,12,2
18,1,12,2
3,1,12,2
8,1,12,2
9,1,12,2
7,1,12,2
10,9,10,1
17,9,10,1
17,9,10,1
11,9,10,1
19,9,10,1
10,9,10,1
5,9,10,1
19,9,10,1
20,9,10,2
4,9,10,1
18,9,10,1
17,9,10,1
6,9,10,1
7,9,10,2
13,9,10,1
13,9,10,1
18,9,10,1
8,9,10,1
20,9,10,2
12,9,10,1
12,9,10,1
20,9,10,2
7,9,10,2
1,9,10,1
14,9,10,1
10,9,10,1
4,9,10,1
1,9,10,1
20,9,10,2
9,9,10,1
20,9,10,2
2,9,10,1
5,9,10,1
12,9,10,1
20,9,10,2
2,9,10,1
19,9,10,1
15,9,10,1
19,9,10,1
14,9,10,1
14,9,10,1
13,9,10,1
19,9,10,1
8,10,12,2
19,10,12,2
8,10,12,1
9,10,12,2
8,10,12,1
5,10,12,2
4,10,12,1
7,10,12,1
10,10,12,2
19,10,12,2
13,10,12,2
13,10,12,2
12,10,12,2
10,10,12,2
19,10,12,2
8,10,12,2
19,10,12,1
14,10,12,2
11,10,12,2
17,10,12,2
3,10,12,1
1,10,12,2
10,10,12,2
17,10,12,2
5,10,12,2
7,10,12,1
4,10,12,1
11,10,12,2
11,10,12,2
1,10,12,2
19,10,12,2
4,10,12,1
6,10,12,2
3,10,12,2
14,10,12,2
2,10,12,2
13,10,12,2
8,10,12,2
8,10,12,2
13,10,12,2
4,10,12,2
15,10,12,2
13,10,12,2
9,3,13,2
16,3,13,2
17,3,13,2
15,3,13,2
10,3,13,2
1,3,13,1
6,3,13,1
10,3,13,1
10,3,13,2
9,3,13,2
2,3,13,2
2,3,13,2
8,3,13,2
8,3,13,1
2,3,13,2
13,3,13,1
9,3,13,1
13,3,13,2
2,3,13,2
18,3,13,2
17,3,13,2
10,3,13,2
8,3,13,1
12,3,13,2
1,3,13,2
18,3,13,2
14,3,13,2
18,3,13,2
4,3,13,2
20,3,13,1
5,3,13,2
1,3,13,2
6,3,13,1
16,3,13,2
12,3,13,2
17,3,13,2
2,3,13,2
3,3,13,2
14,3,13,1
16,3,13,1
8,3,13,1
14,3,13,1
15,3,13,2
9,2,9,2
17,2,9,2
12,2,9,2
2,2,9,2
3,2,9,2
12,2,9,2
8,2,9,2
3,2,9,2
18,2,9,2
10,2,9,2
1,2,9,2
14,2,9,2
8,2,9,1
8,2,9,1
3,2,9,2
7,2,9,2
19,2,9,2
11,2,9,2
15,2,9,2
17,2,9,2
13,2,9,2
19,2,9,2
10,2,9,2
11,2,9,2
7,2,9,2
5,2,9,2
12,2,9,2
16,2,9,2
7,2,9,2
20,2,9,1
3,2,9,2
16,2,9,2
3,2,9,2
1,2,9,2
9,2,9,2
18,2,9,2
4,2,9,2
14,2,9,2
19,2,9,2
13,2,9,2
19,2,9,2
16,2,9,1
14,2,9,2
6,14,7,1
3,14,7,1
2,14,7,1
8,14,7,1
7,14,7,1
15,14,7,1
16,14,7,1
16,14,7,1
12,14,7,2
15,14,7,1
11,14,7,1
16,14,7,1
20,14,7,1
12,14,7,1
3,14,7,1
15,14,7,1
14,14,7,1
16,14,7,1
7,14,7,1
15,14,7,1
2,14,7,1
16,14,7,1
11,14,7,2
2,14,7,2
6,14,7,1
10,14,7,2
13,14,7,1
3,14,7,1
19,14,7,1
9,14,7,1
3,14,7,1
5,14,7,1
12,14,7,2
11,14,7,2
10,14,7,2
9,14,7,1
11,14,7,1
19,14,7,1
8,14,7,2
11,14,7,1
7,14,7,1
19,14,7,1
9,14,7,2
1,1,11,2
20,1,11,2
9,1,11,2
7,1,11,2
20,1,11,2
3,1,11,2
4,1,11,2
6,1,11,1
12,1,11,2
7,1,11,2
19,1,11,2
20,1,11,1
15,1,11,1
7,1,11,2
17,1,11,2
5,1,11,2
2,1,11,2
13,1,11,2
18,1,11,2
13,1,11,2
20,1,11,1
19,1,11,2
4,1,11,2
3,1,11,2
6,1,11,1
4,1,11,1
3,1,11,2
6,1,11,1
3,1,11,2
6,1,11,1
14,1,11,2
15,1,11,2
9,1,11,2
8,1,11,1
17,1,11,2
1,1,11,2
15,1,11,2
9,1,11,2
20,1,11,2
12,1,11,1
12,1,11,1
2,1,11,2
6,1,11,1
15,11,12,2
5,11,12,1
18,11,12,1
4,11,12,2
15,11,12,1
17,11,12,2
9,11,12,1
20,11,12,1
5,11,12,1
2,11,12,1
18,11,12,1
1,11,12,2
19,11,12,1
6,11,12,1
10,11,12,1
3,11,12,2
9,11,12,1
18,11,12,1
16,11,12,2
11,11,12,2
10,11,12,2
20,11,12,1
11,11,12,2
14,11,12,1
7,11,12,1
14,11,12,1
9,11,12,1
7,11,12,1
9,11,12,1
16,11,12,1
6,11,12,2
5,11,12,1
5,11,12,1
4,11,12,1
9,11,12,1
7,11,12,1
17,11,12,2
1,11,12,2
18,11,12,1
2,11,12,1
4,11,12,1
13,11,12,1
13,11,12,2
11,4,8,1
20,4,8,1
4,4,8,1
14,4,8,2
8,4,8,2
18,4,8,2
5,4,8,1
13,4,8,1
2,4,8,1
11,4,8,2
18,4,8,1
17,4,8,1
7,4,8,2
3,4,8,1
15,4,8,1
14,4,8,2
6,4,8,1
6,4,8,1
20,4,8,1
15,4,8,1
19,4,8,2
11,4,8,2
4,4,8,1
5,4,8,1
7,4,8,2
13,4,8,2
8,4,8,2
8,4,8,1
14,4,8,2
20,4,8,1
7,4,8,2
1,4,8,1
10,4,8,1
5,4,8,1
6,4,8,1
4,4,8,1
14,4,8,2
18,4,8,1
15,4,8,1
9,4,8,1
10,4,8,1
9,4,8,1
17,4,8,1
2,10,7,1
2,10,7,1
11,10,7,2
7,10,7,1
6,10,7,1
13,10,7,1
19,10,7,1
12,10,7,2
2,10,7,1
16,10,7,1
1,10,7,1
18,10,7,2
7,10,7,1
8,10,7,1
7,10,7,1
2,10,7,2
11,10,7,2
4,10,7,2
6,10,7,1
2,10,7,2
18,10,7,1
9,10,7,1
5,10,7,2
1,10,7,1
11,10,7,1
6,10,7,1
19,10,7,1
12,10,7,2
5,10,7,2
1,10,7,1
17,10,7,2
4,10,7,1
6,10,7,1
3,10,7,1
20,10,7,1
11,10,7,2
8,10,7,2
14,10,7,2
7,10,7,1
2,10,7,2
16,10,7,1
8,10,7,1
15,10,7,1
10,12,7,1
13,12,7,1
7,12,7,1
19,12,7,1
5,12,7,1
13,12,7,2
16,12,7,1
8,12,7,1
19,12,7,1
14,12,7,1
4,12,7,2
5,12,7,1
12,12,7,1
3,12,7,1
1,12,7,1
19,12,7,2
13,12,7,1
1,12,7,1
20,12,7,1
18,12,7,2
17,12,7,1
1,12,7,1
6,12,7,1
1,12,7,1
19,12,7,1
16,12,7,2
17,12,7,1
4,12,7,2
12,12,7,1
9,12,7,1
4,12,7,1
6,12,7,1
7,12,7,1
15,12,7,1
6,12,7,1
6,12,7,1
12,12,7,2
15,12,7,1
20,12,7,1
5,12,7,2
10,12,7,1
20,12,7,1
3,12,7,2
2,1,8,2
9,1,8,2
11,1,8,2
1,1,8,2
19,1,8,2
12,1,8,2
14,1,8,2
3,1,8,2
5,1,8,2
3,1,8,2
1,1,8,2
15,1,8,1
9,1,8,2
13,1,8,2
5,1,8,2
15,1,8,2
8,1,8,2
15,1,8,2
20,1,8,2
4,1,8,2
4,1,8,2
17,1,8,2
20,1,8,2
17,1,8,2
10,1,8,2
8,1,8,2
1,1,8,2
8,1,8,2
2,1,8,2
2,1,8,2
10,1,8,2
12,1,8,1
14,1,8,2
4,1,8,2
11,1,8,2
18,1,8,2
2,1,8,2
10,1,8,2
20,1,8,2
17,1,8,2
16,1,8,2
13,1,8,2
11,1,8,2
19,1,3,2
5,1,3,2
4,1,3,2
20,1,3,2
9,1,3,2
6,1,3,2
9,1,3,2
12,1,3,2
18,1,3,2
12,1,3,1
3,1,3,2
11,1,3,1
9,1,3,1
9,1,3,1
12,1,3,1
2,1,3,2
7,1,3,2
7,1,3,2
1,1,3,2
14,1,3,2
15,1,3,2
13,1,3,2
11,1,3,1
14,1,3,2
18,1,3,2
13,1,3,2
20,1,3,2
15,1,3,2
12,1,3,1
4,1,3,1
15,1,3,2
17,1,3,2
14,1,3,2
4,1,3,2
12,1,3,2
10,1,3,1
8,1,3,2
19,1,3,2
7,1,3,2
10,1,3,1
1,1,3,2
16,1,3,2
20,1,3,2
19,4,9,1
11,4,9,2
16,4,9,2
10,4,9,1
9,4,9,1
16,4,9,1
18,4,9,2
10,4,9,1
7,4,9,2
1,4,9,2
9,4,9,1
16,4,9,1
20,4,9,1
8,4,9,2
20,4,9,1
19,4,9,1
20,4,9,1
8,4,9,2
14,4,9,1
16,4,9,1
9,4,9,1
3,4,9,1
3,4,9,1
17,4,9,1
7,4,9,2
10,4,9,1
12,4,9,2
12,4,9,1
2,4,9,2
11,4,9,2
17,4,9,1
3,4,9,1
7,4,9,1
11,4,9,2
4,4,9,2
15,4,9,2
11,4,9,2
5,4,9,1
10,4,9,1
12,4,9,2
19,4,9,1
11,4,9,2
20,4,9,1
7,4,11,2
8,4,11,1
11,4,11,1
8,4,11,2
20,4,11,1
1,4,11,1
9,4,11,1
18,4,11,2
15,4,11,1
10,4,11,1
19,4,11,1
20,4,11,1
8,4,11,1
8,4,11,1
20,4,11,1
6,4,11,1
20,4,11,1
18,4,11,1
5,4,11,1
15,4,11,1
18,4,11,1
18,4,11,1
4,4,11,1
19,4,11,1
10,4,11,1
9,4,11,1
7,4,11,2
19,4,11,1
2,4,11,2
16,4,11,1
17,4,11,1
9,4,11,1
14,4,11,1
1,4,11,2
12,4,11,1
7,4,11,2
3,4,11,1
7,4,11,2
13,4,11,1
17,4,11,1
17,4,11,1
4,4,11,1
8,4,11,1
16,8,14,2
20,8,14,1
19,8,14,1
12,8,14,1
11,8,14,1
16,8,14,1
16,8,14,1
3,8,14,1
20,8,14,2
7,8,14,1
13,8,14,1
3,8,14,2
3,8,14,1
19,8,14,1
20,8,14,2
14,8,14,1
10,8,14,1
3,8,14,2
20,8,14,2
18,8,14,2
14,8,14,1
4,8,14,2
15,8,14,1
6,8,14,1
12,8,14,2
16,8,14,2
13,8,14,1
7,8,14,1
8,8,14,1
4,8,14,2
8,8,14,1
12,8,14,1
3,8,14,1
14,8,14,2
3,8,14,1
18,8,14,2
4,8,14,2
7,8,14,1
5,8,14,1
13,8,14,1
9,8,14,1
7,8,14,2
2,8,14,1
4,2,13,1
9,2,13,2
9,2,13,2
12,2,13,2
16,2,13,2
9,2,13,2
4,2,13,1
4,2,13,1
19,2,13,2
20,2,13,2
7,2,13,1
4,2,13,2
5,2,13,2
17,2,13,1
15,2,13,2
10,2,13,2
5,2,13,2
19,2,13,2
19,2,13,2
3,2,13,2
14,2,13,2
10,2,13,2
14,2,13,2
12,2,13,2
2,2,13,2
18,2,13,2
7,2,13,2
19,2,13,2
5,2,13,2
20,2,13,1
7,2,13,2
4,2,13,2
10,2,13,2
15,2,13,2
10,2,13,2
13,2,13,2
1,2,13,2
5,2,13,2
13,2,13,2
10,2,13,2
12,2,13,2
7,2,13,2
9,2,13,2
8,13,7,1
7,13,7,2
5,13,7,1
8,13,7,1
14,13,7,1
5,13,7,1
19,13,7,1
14,13,7,1
6,13,7,2
12,13,7,1
13,13,7,1
3,13,7,1
2,13,7,1
3,13,7,1
11,13,7,1
18,13,7,1
1,13,7,1
2,13,7,1
15,13,7,1
20,13,7,2
6,13,7,2
19,13,7,1
17,13,7,1
16,13,7,1
17,13,7,1
7,13,7,2
11,13,7,1
17,13,7,1
16,13,7,2
4,13,7,1
6,13,7,2
3,13,7,1
6,13,7,1
20,13,7,2
1,13,7,1
12,13,7,1
1,13,7,1
15,13,7,1
18,13,7,1
17,13,7,1
14,13,7,1
18,13,7,1
1,13,7,1
18,6,14,2
19,6,14,2
13,6,14,2
8,6,14,1
1,6,14,2
4,6,14,2
10,6,14,2
9,6,14,2
5,6,14,2
6,6,14,2
4,6,14,2
13,6,14,1
17,6,14,1
5,6,14,2
9,6,14,1
7,6,14,2
8,6,14,1
4,6,14,2
18,6,14,2
14,6,14,2
20,6,14,2
19,6,14,2
13,6,14,2
13,6,14,2
16,6,14,2
10,6,14,2
1,6,14,2
9,6,14,1
19,6,14,2
4,6,14,2
20,6,14,2
1,6,14,2
17,6,14,2
6,6,14,2
1,6,14,2
18,6,14,2
16,6,14,2
3,6,14,2
18,6,14,2
1,6,14,1
15,6,14,2
18,6,14,2
2,6,14,2
8,5,13,1
16,5,13,2
12,5,13,2
5,5,13,2
18,5,13,2
17,5,13,2
11,5,13,1
7,5,13,1
15,5,13,1
3,5,13,1
6,5,13,1
2,5,13,2
7,5,13,1
9,5,13,2
6,5,13,1
7,5,13,1
17,5,13,2
7,5,13,1
2,5,13,2
2,5,13,2
9,5,13,1
17,5,13,2
5,5,13,2
18,5,13,2
10,5,13,2
5,5,13,2
2,5,13,2
12,5,13,2
18,5,13,2
5,5,13,2
5,5,13,2
19,5,13,2
20,5,13,2
14,5,13,2
10,5,13,2
7,5,13,1
17,5,13,2
7,5,13,1
17,5,13,2
12,5,13,2
15,5,13,2
17,5,13,2
19,5,13,2
10,8,9,1
13,8,9,1
1,8,9,1
14,8,9,1
10,8,9,2
9,8,9,2
14,8,9,1
18,8,9,2
6,8,9,1
4,8,9,2
5,8,9,1
9,8,9,1
9,8,9,1
13,8,9,1
4,8,9,2
6,8,9,1
4,8,9,2
5,8,9,1
13,8,9,2
3,8,9,1
1,8,9,1
5,8,9,1
8,8,9,1
10,8,9,1
15,8,9,1
20,8,9,1
9,8,9,1
18,8,9,2
16,8,9,1
3,8,9,1
12,8,9,2
15,8,9,2
4,8,9,2
14,8,9,1
20,8,9,1
16,8,9,1
8,8,9,1
7,8,9,1
7,8,9,1
9,8,9,2
12,8,9,2
2,8,9,1
16,8,9,1
14,9,14,2
5,9,14,2
17,9,14,2
13,9,14,2
7,9,14,2
17,9,14,2
2,9,14,1
18,9,14,1
10,9,14,1
18,9,14,1
15,9,14,1
8,9,14,1
6,9,14,1
19,9,14,2
14,9,14,2
16,9,14,2
16,9,14,2
15,9,14,1
18,9,14,1
4,9,14,1
18,9,14,1
19,9,14,2
9,9,14,1
19,9,14,1
6,9,14,1
19,9,14,2
1,9,14,1
15,9,14,1
4,9,14,1
7,9,14,2
7,9,14,2
14,9,14,1
6,9,14,1
17,9,14,2
4,9,14,1
7,9,14,2
17,9,14,2
11,9,14,1
19,9,14,2
15,9,14,1
18,9,14,1
2,9,14,1
15,9,14,2
10,4,12,1
14,4,12,1
13,4,12,1
15,4,12,1
4,4,12,1
10,4,12,1
15,4,12,2
5,4,12,1
16,4,12,1
10,4,12,1
19,4,12,1
15,4,12,2
17,4,12,1
13,4,12,2
5,4,12,1
13,4,12,1
2,4,12,1
6,4,12,1
17,4,12,2
5,4,12,1
3,4,12,1
15,4,12,1
18,4,12,1
14,4,12,1
9,4,12,1
5,4,12,1
11,4,12,2
2,4,12,1
13,4,12,1
7,4,12,2
20,4,12,1
17,4,12,1
4,4,12,1
20,4,12,1
20,4,12,1
16,4,12,1
13,4,12,1
8,4,12,2
8,4,12,2
13,4,12,1
1,4,12,1
13,4,12,1
2,4,12,1
7,8,11,1
7,8,11,1
5,8,11,1
1,8,11,1
7,8,11,1
2,8,11,1
5,8,11,1
19,8,11,1
2,8,11,1
1,8,11,2
14,8,11,1
17,8,11,1
20,8,11,2
2,8,11,1
10,8,11,1
17,8,11,2
10,8,11,1
4,8,11,1
1,8,11,1
4,8,11,1
11,8,11,1
9,8,11,2
3,8,11,1
10,8,11,1
8,8,11,1
14,8,11,1
9,8,11,1
7,8,11,1
4,8,11,2
14,8,11,1
13,8,11,1
4,8,11,1
8,8,11,1
11,8,11,1
15,8,11,1
10,8,11,1
1,8,11,2
2,8,11,1
11,8,11,1
3,8,11,1
13,8,11,2
1,8,11,1
14,8,11,1
3,1,5,2
16,1,5,2
20,1,5,1
17,1,5,2
17,1,5,2
12,1,5,1
12,1,5,1
13,1,5,2
13,1,5,2
15,1,5,2
20,1,5,1
12,1,5,1
6,1,5,2
17,1,5,2
10,1,5,1
8,1,5,2
7,1,5,2
6,1,5,2
8,1,5,2
20,1,5,1
19,1,5,2
2,1,5,2
16,1,5,1
12,1,5,1
11,1,5,1
19,1,5,2
10,1,5,2
5,1,5,2
12,1,5,1
12,1,5,1
2,1,5,2
5,1,5,2
1,1,5,2
10,1,5,1
8,1,5,2
3,1,5,2
17,1,5,2
12,1,5,1
11,1,5,1
18,1,5,2
3,1,5,2
10,1,5,1
1,1,5,2
18,2,10,1
11,2,10,1
6,2,10,1
4,2,10,2
5,2,10,2
10,2,10,2
9,2,10,2
10,2,10,2
17,2,10,1
2,2,10,1
7,2,10,2
13,2,10,2
11,2,10,1
8,2,10,2
14,2,10,1
20,2,10,2
6,2,10,2
6,2,10,2
14,2,10,1
20,2,10,2
3,2,10,2
19,2,10,2
19,2,10,2
18,2,10,2
19,2,10,2
14,2,10,2
19,2,10,2
17,2,10,1
9,2,10,2
19,2,10,2
10,2,10,2
7,2,10,2
6,2,10,2
15,2,10,2
5,2,10,2
6,2,10,2
15,2,10,2
1,2,10,1
17,2,10,1
20,2,10,2
11,2,10,1
14,2,10,1
10,2,10,2
2,2,4,2
13,2,4,2
11,2,4,2
3,2,4,2
16,2,4,2
15,2,4,2
13,2,4,2
1,2,4,2
14,2,4,2
2,2,4,2
13,2,4,2
4,2,4,2
6,2,4,2
10,2,4,2
5,2,4,2
15,2,4,2
9,2,4,2
13,2,4,2
7,2,4,1
2,2,4,2
2,2,4,2
19,2,4,2
5,2,4,2
18,2,4,2
14,2,4,2
6,2,4,2
13,2,4,2
5,2,4,2
20,2,4,2
2,2,4,2
11,2,4,2
8,2,4,1
2,2,4,2
1,2,4,2
20,2,4,2
12,2,4,2
2,2,4,2
17,2,4,2
3,2,4,2
14,2,4,2
10,2,4,2
6,2,4,2
18,2,4,2
10,11,7,1
3,11,7,1
14,11,7,1
14,11,7,1
9,11,7,2
9,11,7,1
14,11,7,1
4,11,7,1
18,11,7,2
6,11,7,2
19,11,7,1
1,11,7,1
10,11,7,1
9,11,7,1
15,11,7,2
17,11,7,1
10,11,7,1
11,11,7,1
16,11,7,1
3,11,7,1
14,11,7,1
14,11,7,1
10,11,7,1
11,11,7,1
4,11,7,1
5,11,7,1
7,11,7,2
5,11,7,1
2,11,7,1
4,11,7,1
18,11,7,1
16,11,7,2
17,11,7,1
12,11,7,1
7,11,7,2
7,11,7,1
16,11,7,1
4,11,7,1
1,11,7,1
12,11,7,2
13,11,7,1
13,11,7,1
2,11,7,1
16,5,7,1
12,5,7,2
18,5,7,1
2,5,7,1
9,5,7,2
10,5,7,1
20,5,7,1
8,5,7,1
16,5,7,2
16,5,7,2
12,5,7,2
7,5,7,1
7,5,7,1
13,5,7,1
12,5,7,2
14,5,7,1
15,5,7,1
18,5,7,1
14,5,7,1
15,5,7,1
13,5,7,2
7,5,7,2
2,5,7,2
1,5,7,1
18,5,7,1
5,5,7,2
2,5,7,1
7,5,7,2
7,5,7,1
10,5,7,1
3,5,7,1
3,5,7,1
6,5,7,1
7,5,7,1
19,5,7,1
8,5,7,1
10,5,7,2
18,5,7,1
8,5,7,1
2,5,7,1
14,5,7,1
12,5,7,1
14,5,7,1
19,4,6,1
12,4,6,2
14,4,6,1
1,4,6,1
5,4,6,1
2,4,6,1
3,4,6,1
12,4,6,1
7,4,6,2
10,4,6,1
18,4,6,1
20,4,6,1
14,4,6,1
12,4,6,2
18,4,6,1
18,4,6,1
3,4,6,1
4,4,6,1
17,4,6,1
5,4,6,1
1,4,6,1
10,4,6,1
9,4,6,1
12,4,6,2
18,4,6,1
4,4,6,1
6,4,6,1
15,4,6,1
2,4,6,1
16,4,6,1
14,4,6,1
5,4,6,1
10,4,6,1
8,4,6,2
6,4,6,1
12,4,6,1
6,4,6,1
15,4,6,1
14,4,6,1
18,4,6,2
15,4,6,1
9,4,6,1
3,4,6,1
1,9,13,2
1,9,13,1
4,9,13,1
6,9,13,1
13,9,13,2
8,9,13,2
12,9,13,1
8,9,13,1
17,9,13,2
12,9,13,1
20,9,13,2
2,9,13,2
17,9,13,1
7,9,13,2
17,9,13,2
3,9,13,2
9,9,13,2
20,9,13,2
16,9,13,1
20,9,13,1
19,9,13,2
18,9,13,1
6,9,13,1
17,9,13,2
6,9,13,1
16,9,13,2
15,9,13,1
18,9,13,2
18,9,13,1
1,9,13,2
6,9,13,1
2,9,13,2
19,9,13,2
3,9,13,2
7,9,13,2
13,9,13,1
1,9,13,1
13,9,13,1
2,9,13,2
10,9,13,2
5,9,13,2
13,9,13,1
4,9,13,1
12,13,14,1
7,13,14,2
12,13,14,2
8,13,14,1
1,13,14,1
11,13,14,1
19,13,14,1
16,13,14,2
6,13,14,1
13,13,14,1
11,13,14,1
12,13,14,1
12,13,14,1
17,13,14,1
1,13,14,1
5,13,14,2
19,13,14,1
19,13,14,1
4,13,14,2
10,13,14,1
16,13,14,2
9,13,14,2
9,13,14,2
8,13,14,1
16,13,14,2
20,13,14,2
7,13,14,1
1,13,14,1
9,13,14,1
14,13,14,1
16,13,14,2
10,13,14,1
6,13,14,2
4,13,14,2
12,13,14,1
11,13,14,2
17,13,14,1
9,13,14,1
3,13,14,1
13,13,14,2
11,13,14,2
8,13,14,1
11,13,14,2
5,8,12,1
10,8,12,1
10,8,12,2
6,8,12,2
13,8,12,1
1,8,12,1
2,8,12,1
14,8,12,1
17,8,12,2
13,8,12,1
9,8,12,1
13,8,12,1
1,8,12,1
20,8,12,1
14,8,12,1
2,8,12,1
4,8,12,2
20,8,12,1
7,8,12,1
4,8,12,1
10,8,12,2
14,8,12,1
7,8,12,1
7,8,12,1
19,8,12,1
20,8,12,1
17,8,12,2
7,8,12,1
18,8,12,1
4,8,12,1
7,8,12,1
5,8,12,1
13,8,12,1
11,8,12,2
11,8,12,2
12,8,12,1
5,8,12,1
9,8,12,2
15,8,12,1
3,8,12,1
11,8,12,2
20,8,12,1
15,8,12,2
2,6,9,2
1,6,9,2
12,6,9,2
3,6,9,1
7,6,9,2
7,6,9,2
19,6,9,2
5,6,9,2
17,6,9,2
8,6,9,1
13,6,9,2
4,6,9,2
12,6,9,2
17,6,9,2
2,6,9,2
13,6,9,2
12,6,9,2
3,6,9,2
7,6,9,2
9,6,9,2
17,6,9,2
17,6,9,2
12,6,9,2
19,6,9,2
6,6,9,2
7,6,9,2
19,6,9,2
3,6,9,2
11,6,9,2
11,6,9,2
15,6,9,2
19,6,9,2
6,6,9,2
18,6,9,2
19,6,9,2
16,6,9,1
5,6,9,2
8,6,9,1
8,6,9,1
12,6,9,1
12,6,9,2
15,6,9,2
5,6,9,1
6,10,13,1
1,10,13,2
14,10,13,1
10,10,13,2
7,10,13,1
7,10,13,1
4,10,13,1
1,10,13,2
13,10,13,1
16,10,13,2
4,10,13,1
5,10,13,1
3,10,13,2
17,10,13,2
3,10,13,2
7,10,13,1
8,10,13,1
12,10,13,2
14,10,13,2
11,10,13,2
4,10,13,2
2,10,13,2
9,10,13,1
9,10,13,1
5,10,13,1
9,10,13,1
12,10,13,2
16,10,13,2
20,10,13,2
9,10,13,1
14,10,13,2
13,10,13,2
13,10,13,2
19,10,13,2
14,10,13,2
10,10,13,2
10,10,13,2
18,10,13,2
1,10,13,2
13,10,13,2
3,10,13,2
4,10,13,2
10,10,13,2
13,3,12,1
18,3,12,1
1,3,12,2
11,3,12,2
11,3,12,2
5,3,12,1
8,3,12,2
16,3,12,1
4,3,12,1
19,3,12,1
19,3,12,1
18,3,12,1
12,3,12,1
19,3,12,1
19,3,12,2
20,3,12,2
9,3,12,2
17,3,12,2
14,3,12,1
5,3,12,2
4,3,12,2
14,3,12,1
1,3,12,1
7,3,12,2
17,3,12,2
1,3,12,2
7,3,12,2
17,3,12,2
3,3,12,1
5,3,12,1
3,3,12,1
4,3,12,1
12,3,12,1
8,3,12,2
13,3,12,1
20,3,12,1
7,3,12,2
16,3,12,1
12,3,12,2
8,3,12,1
4,3,12,1
18,3,12,2
12,3,12,2
16,6,12,1
18,6,12,2
9,6,12,2
20,6,12,2
8,6,12,1
12,6,12,2
19,6,12,1
3,6,12,1
17,6,12,2
2,6,12,1
4,6,12,2
6,6,12,2
9,6,12,2
7,6,12,2
14,6,12,1
11,6,12,2
19,6,12,2
8,6,12,1
16,6,12,1
1,6,12,2
14,6,12,2
3,6,12,1
19,6,12,2
10,6,12,2
19,6,12,1
13,6,12,2
12,6,12,1
18,6,12,2
17,6,12,2
11,6,12,2
4,6,12,2
16,6,12,2
15,6,12,2
19,6,12,2
16,6,12,1
9,6,12,2
16,6,12,1
2,6,12,1
18,6,12,2
14,6,12,2
16,6,12,1
12,6,12,1
3,6,12,1
12,4,7,1
10,4,7,1
15,4,7,1
7,4,7,1
15,4,7,1
19,4,7,1
11,4,7,1
4,4,7,1
11,4,7,1
18,4,7,2
10,4,7,1
13,4,7,1
2,4,7,1
5,4,7,1
3,4,7,1
15,4,7,1
4,4,7,1
17,4,7,1
16,4,7,1
6,4,7,1
5,4,7,1
19,4,7,1
3,4,7,1
18,4,7,1
17,4,7,1
12,4,7,2
9,4,7,1
12,4,7,1
6,4,7,1
18,4,7,1
12,4,7,2
11,4,7,1
14,4,7,1
8,4,7,1
1,4,7,1
1,4,7,1
19,4,7,1
19,4,7,1
12,4,7,2
10,4,7,1
3,4,7,1
16,4,7,1
18,4,7,1
16,6,13,1
9,6,13,2
7,6,13,1
4,6,13,1
12,6,13,1
16,6,13,1
5,6,13,2
18,6,13,2
13,6,13,2
2,6,13,2
11,6,13,2
1,6,13,1
6,6,13,1
4,6,13,1
1,6,13,2
2,6,13,2
6,6,13,1
16,6,13,2
18,6,13,2
15,6,13,2
12,6,13,1
1,6,13,2
1,6,13,2
5,6,13,2
10,6,13,2
5,6,13,2
17,6,13,2
4,6,13,1
14,6,13,2
14,6,13,2
6,6,13,1
8,6,13,1
9,6,13,2
16,6,13,2
6,6,13,1
12,6,13,2
15,6,13,2
4,6,13,2
12,6,13,2
20,6,13,1
3,6,13,2
4,6,13,1
14,6,13,2
6,1,10,2
13,1,10,2
20,1,10,2
10,1,10,1
9,1,10,2
5,1,10,2
9,1,10,1
4,1,10,2
3,1,10,2
8,1,10,2
7,1,10,2
16,1,10,2
2,1,10,1
12,1,10,1
10,1,10,1
2,1,10,2
4,1,10,2
3,1,10,1
8,1,10,2
5,1,10,2
12,1,10,1
2,1,10,2
9,1,10,1
10,1,10,2
16,1,10,2
17,1,10,2
9,1,10,1
16,1,10,2
8,1,10,1
7,1,10,2
15,1,10,2
8,1,10,1
5,1,10,2
4,1,10,2
5,1,10,1
10,1,10,1
19,1,10,2
4,1,10,2
19,1,10,2
3,1,10,2
6,1,10,2
3,1,10,2
12,1,10,1
7,1,7,2
5,1,7,2
14,1,7,2
6,1,7,1
12,1,7,1
6,1,7,2
6,1,7,2
10,1,7,1
14,1,7,2
17,1,7,2
11,1,7,2
9,1,7,2
15,1,7,2
3,1,7,2
13,1,7,2
14,1,7,2
11,1,7,1
9,1,7,1
4,1,7,2
4,1,7,1
10,1,7,2
1,1,7,1
13,1,7,2
20,1,7,2
12,1,7,2
5,1,7,2
5,1,7,2
19,1,7,2
2,1,7,2
13,1,7,2
17,1,7,2
5,1,7,2
11,1,7,2
5,1,7,2
20,1,7,2
15,1,7,2
4,1,7,2
12,1,7,2
7,1,7,2
16,1,7,1
2,1,7,2
11,1,7,1
15,1,7,2
20,2,6,1
4,2,6,1
4,2,6,2
8,2,6,2
7,2,6,2
16,2,6,2
11,2,6,2
1,2,6,1
18,2,6,1
18,2,6,2
8,2,6,2
6,2,6,2
9,2,6,1
18,2,6,1
9,2,6,1
14,2,6,1
11,2,6,1
9,2,6,1
17,2,6,2
1,2,6,2
9,2,6,1
12,2,6,2
18,2,6,2
3,2,6,2
11,2,6,1
19,2,6,2
10,2,6,2
5,2,6,2
16,2,6,2
13,2,6,2
9,2,6,1
4,2,6,2
20,2,6,2
13,2,6,2
1,2,6,2
16,2,6,2
20,2,6,2
14,2,6,1
8,2,6,2
7,2,6,2
20,2,6,1
7,2,6,2
14,2,6,1
